user,tweet
TheoBoelens,vandaag we hecmar sponsor shirt overhandigd hecmar hoofdsponsors sportclub monster https t co wolqdwdspw
Lotje_is_Getikt,@mobilemedialab game druk gespeeld @mobilemedialab tijdens meetpab leuk opgezet top https t co wtwql wtfj
anitahendriks68,houd vanmiddag pleidooi luis pels journalisten ervoor woord gunnen https t co tyvbq uylv
Kikkererwtje,vandaag internationale bellenblaasdag
_DenHelder,rechter komt eisen gemeenten https t co uze uh sug centrale raad beroep zorgvuldigheidseisen gesteld beha
JeannetteZiggy,houd vanmiddag pleidooi luis pels journalisten ervoor woord gunnen https t co tyvbq uylv
PhanosAmsterdam,vandaag goed toeven @olympisch cd competitie uitslagen atletiek https t co sxg scrblx
showbandkdo,vanmiddag taptoe dronten programma samen @showbandurk @showbandkdo @bicycleshowband aanvang gratis entree
news_algemeen,feyenoord kampioen meeste betrouwbare spelers algemeennieuws https t co ll ksybfl
_waterland,vuurdoop lichtgewicht fietspad broekinwaterland https t co qw tvuzdn vuurdoop nieuw type fietspad gemaakt
saskiaamsterdam,@gvb weer tijd ouderwetse plastic stoelen huidige stoffen stoelen vaak ranzig zitten
ShinzoLounge,extra foto s piushaven bevrijdingsconcert tilburg mei deur piushaven https t co man bek l
ruurthaas,njord e geworden voorwedstrijd lg veld damen raceroei regatta tijd
Blondemevrouw1,soros n s werelds bekendste valutaspeculanten speculant noemen antisemitisme wor https t co rtl arvts
jnldymmgp2,sweet babes schoonmaken natte lippen https t co jzixklahpw
boudyipad,peter pan echte verhaal amp roan pronk @theatervenray horizon @omroepvenray woensdag mei vanaf uur https t co domk ig o
KeesvdVen75,@ryhertzberger graag doorpakken alleen seksisme objectiveren vrouwen tegengaan politieke tegenstanders
Dirk010Kuyt,@markvanhartenn hele tijd haha begin totdat tony uitgeschakeld alleen tonykok army hahaha
jrsongbird,actie geenstijl amp dumpert doet denken sara salem waarden liberalisme nl uitlegde https t co k cipuk sr
Kees_deKoning,graslandmanagement begint n grasdata verzamelen https t co fyyxzgoew
ScottEgg1999,@ajboekestijn bewijs fake documenten
djzwartveld,vanavond supportyourlocals groeispurt waterpop https t co ubooxgaazt
Kelvin_Doorhof,@ericvellekoop @rosssen tijd hebt man legt goed https t co o lcw r
keesfiere485,mis euopenday mei bezoek raad incl europagebouw doe mee onze activiteiten https t co lgyz le lq
saarverhaegen,haat denken jaloers mss gwn echt kutkarakter gedacht fni
RamonDenz1,@iblametomas simpel gezegd domme mannetje vrouwtje vragen hor https t co qxgnprnwrj
puurinbalans,samen collega meditatiecoach selma oppedijk begeleiden we jou kracht volledig https t co npvtuovkst
JFCV_SV,@marcnotredame @vadderivrt alleen maken bemiddelde ego s minder laten betalen ander vr https t co gcazbnaxut
loosknijn,@espen vdh @ennodewitt ach strijden meiden trappen gewoon even terug waar pijn doet gepiep stoere jongens kostelijk
MartinvanOoyen,honden uitgelaten boodschappen gedaan daarna km @loopmaatjes bos feestje
MauriceuitMM,@inekekemper lijkt controle vooe auto s aanhangwagens gaat
een,vandaag anti dieetdag jouw ultieme zoete zonde https t co cftzy nsae
wikiliekss,vond hilarisch mag nie z n telefoon internet
RobertLogemann,alweer km weg eerste dag tweedaagse vlaanderen zonnige dag geworden https t co griqr xzkx
Elfenwoud,lijkt voortdurend omhoog kruipen terwijl eeuwig plaats blijft diana s boom https t co y jkm bgi
vrt_weer,weer hoeleden kortenaken velpedal vrtweer https t co yc kriryng
BirnurTekin,broek openzetten nadat teveel hebt gegeten echt beste gevoel
soetersnico,@machiel anders iemandmoethetdoenvoordeeconomievannederland
_Economisch,zus strijder ibrahim i ergens bang horen https t co z tmjkn
hanscrebas,omgekeerde doem denken moed denken vrijheid moedig werken sportieve samenleving waarin niema https t co kjtjyijf
wimdubbel,media ontkend demonisering fortuyn ongekend schreef @pfrentrop mei https t co lyksb pv g
socialoque,fijn sporten mini klus team @ fit professionals utrecht https t co lvabudusnt
Laureen_Bleeckx,middelbaar echt afmaken momenteel zit middelbaar af maken
MauriceGalje,zie graag zon lekkere temperatuur weekend balkonweer even genieten lente
NachtloungeNL,engel leer https t co jypy yvpxz camgirls sexcams webcamsex @n cams @appenmetlaura https t co mlypgm i
saarverhaegen,ma hebt ni kiezen t leven verliefd vanaf mooiste lelijkste ooit overkomen
AngelinedeH,@kampioenanwb fietsers toegestaan rood rijden overig verkeer gewoon rekening mee houden onvoorstelbaar
Achilles1894_E1,rust assen vkw leidt
Lookhill1,@ryhertzberger zegt publiek sites bezoekt
ArmanStouw,vandaag centrum ronde overijssel volgend jaar fietsgemeente informatie fietsgemeente nl https t co dxgnymp f
Boezem_vriend,https t co r qq otaza
Doootjeee,@hoiikbenmerle bizar extreem regels gehouden welke karakter trek https t co zqnjv qbzz
Percolator_HNJ,soros n s werelds bekendste valutaspeculanten speculant noemen antisemitisme wor https t co rtl arvts
DiegoBiezemans,@samekuuu vraag woordvoerster idee vindt @tessamaessen laat snel alle tekeningen aanpassen
ierdwyfke,@lucianaboutox @heylaiverd @jezzebellz onzekerheden houden loop vaak harnasgevoel geve https t co kgyougoiva
svandalsum,wow s o @florispoort ontdekken nieuwe favoriete vlogger https t co oh xws https t co wekyvtteyz
AfrikaansM,my nuwe video tweeisbeteraseen as views youtube hyloopoop https t co zx nl da https t co giurm ea p
jverhels,terwijl overal verkiezingsproces gestuurd politieke hackers verklaren wij democratie dood omwille boycot lezing
Femmavzw,doorbreek taboe elke moeder voelt meteen mama https t co zibcvnyek
Elvira_w,@poasjei @basvanderveen @andsimonsaid vissen vermeld wel voortaan beloofd
mokkaprinses,pornoster bent verdien ofzo https t co funrcowwy
bibliotheek20,morgen mooie middelburg boekenstad boekenmarkten boeken lovezeeland https t co yisbh adxv
JLezer,jaren we bevrijd juk kleinburgerij religie we weer terug geduwd datzelfde juk boycot
korfbalrooi,pup f speelde vandaag rosolo f goed verdedigen scoren gewonnen pien bedankt meedoen
BarbesSpeelt,direct ga even kijken jongens https t co tpyavphu
larsgroenendijk,verlies achilles blijft nederlaag gevolg eindigt dordt boven streep fcdordrecht jupilerleague
PolitieWaNo,gisteren fietsexamen gbsdeoogappel vb zonnepit vrasene foto s https t co cnuma sxaj
mrtbollen,airbnb deel oplossing juist probleem achter transformatie amsterdam attractiestad https t co q amn f hd
Hallyfax,moord pim fortuyn volkert milieu sinistere netwerk rond groenlinks https t co aicww fc https t co gkaa xgicq
LucianaBoutox,@ierdwyfke @heylaiverd @jezzebellz nou juist dodelijk stabiel relatie
RuKrTranslation,@mirjam @bartnijman @kaasdevies leidse studentenvereniging gewoonte regelmatig elkaar s https t co jqjqpn xw
ArtiscentBeauty,ontspan geniet gevoel vakantie artiscent wellness kanaalkade alkmaar https t co ybfodwwryr
TurkseTulp,@alptekinakdogan @martijn @mosselman @ewoudbutter incasseer man vvmu iedereen https t co dsob tfwyn
dumpdetroep,douches geweldig geven gevoel mooi schoon laten klinken professionele zanger
egtewinkel,@stefanpaas @wdebruin kwam boek verzameling essays eindnoten eind ied https t co glwg pllun
Egbert1948,gaat nederland zorgbelasting treft zwaksten neo liberaal regelt allemaal https t co lelcvcg gw
delans,kost website verschil tussen website euro https t co hxoz rjh m
Ceritm,eerst nl se media we spraken echtgenote gekidnapte man turkse regiem turkije https t co bdxidnn g
jolanda1253,groenegroente spruiten bijv vele maakt spruit blender gehaald groen rest spinazie enz idem
1_Vagabond,@revelsoffice @bbalings hetze s alleen toegenomen alle deugers mee https t co upbouva x
Babbeltrucc,mensen kinderen vertellen raar hoofd soms steek laat speak up for kids
Payenka_,houd vanmiddag pleidooi luis pels journalisten ervoor woord gunnen https t co tyvbq uylv
janvanhee1,allen negeren diversiteitsdebat vl wij zwarte burgers behoren tafels waar https t co droqjwyyem
StofzuigerZak26,houd vanmiddag pleidooi luis pels journalisten ervoor woord gunnen https t co tyvbq uylv
Talle_Michiels,jij durft euro geven https t co gbizc cjv
MerelMorre,alle hoop vind puinhoop minst
Ocrambo,@rschiltmans vind steeds prachtig stuk lezen we steeds club johan crui https t co mjwtcq rzn
RWArmy12,@miszlinnie m ghu gaat opschieten alvast kleding uitzoeken
_krantenkoppen,korten bijstand geoorloofd https t co mxms lyj s
ChantalNusser,matchday n we gaan supporters @vocamsterdam e finalewedstrijd landskampioenschap
elisavanmeirhae,kreeft neem vandaag afscheid mensen belazerd opnieuw
GRCGroningen,grc jo speelt thuis hoofdveld @vvnoordpoolufc jo tussenstand https t co mkpu mduhm
PetradeGroot8,geenstijl ernstig overschat kutblog eindelijk koekje eigen deeg krijgt https t co yhqgmdfuo
NLNieuwsAlert,volkskrant ste giro d italia ronde heel itali mooiste verhalen langs parcours giro
Guido90112766,@yosoyornella prettige wieken zon terras tilburg
sillyme1976,sorry volgers gaat spam lijken vandaag essure even belangstelling zoveel ellende https t co blzf qcdob
sepiatekst,recht uiten bagger bestaat wel debat uiting ervan recht trekken https t co gpytascyf
umarebru,doe hoor https t co oy qurmegr
npcv3110,pim fortuyn intellectueler kabinet natuurlijk pakkende kop https t co svzdquolss
verenabiscaya,kunst verschil zien tussen echte bedreiging bedenkt gebeuren
PlusBudget,absurde boetebeleid celstraffen onverzekerde auto s garage staan https t co tibohgdgg via @decorrespondent
abmbvba,terwijl overal verkiezingsproces gestuurd politieke hackers verklaren wij democratie dood omwille boycot lezing
NLNieuwsAlert,meteogroupweer zonnig midden z n steeds grijs droog zodat tulpen besproeid moeten
StefanPaas,@egtewinkel @wdebruin echt academisch boek vind not done publieksboek waarbij noten ec https t co cxzetxcnqt
JeroenNotenboom,@chrisklomp @ananninga opvallend genoeg denk woord dramdame direct @ananninga
GerhardVerwox,lokale politici waarschuwen groenlinks coalitie liefst zouden inkomensafhankelijk laten poepen https t co zsyysrcvhn
polderps,@liekelamb snap apple nooit gelukt jaren fris fruitige vooral makke https t co zuwlbbg ta
RealShowstopper,racisme puurdere vorm vind nauwelijks https t co hrx paehgk
ronald_st_77,@cocacola nl ohw haha goed weten viel gewoon groene flesje getoond rood https t co x lx mvdhk
amberwalraven,collega creative educational design genomineerd leraar nederlands jaar gefeliciteerd @henkterhaar
mediamannetje,heerlijke helaas ikke boos weer vuilnis tuin buren vogels pikken open etc jaargang
_krantenkoppen,politie pak waardetransport https t co p qg rg
frieslandnws,commentaar doucheputje friesland https t co qw ffuqjb
RijpeDamesDaten,engel leer https t co jypy yvpxz camgirls sexcams webcamsex @n cams @appenmetlaura https t co mlypgm i
gaypalace,links monopolie ideologische bezetenheid sjw s gelukkig slechts kleine groep binnen https t co f hzcfwlpw
woonwagenfeest,ambassadeur mega woonwagen feest natuurlijk @henk damen juni kijk info https t co jkt wibdiq
DeetosSnelLive,live deetossnel a tempo a deetossnel komt luke linden veld tommy brand
YasinEast,staat bent fout vriend vergeten begin vriend
JonkersNanno,boterberg terug weggeweest gt https t co oztocc peg
Hunnego,geslepen zakenvriendjes zei week klopt wel deugt aldus @youpvanthek ove https t co s xhjeysei
zayadanneels,gewoon vastpakt moeilijk hebt
cor_linde,goh heben reguliere media macronleaks macrongate opgepikt denk immers lieveling
CkvDKOD,hamburgerverkoop afgelopen schoolkorfbaltoernooi mooi bedrag opgeleverd daarom konden all https t co eyzbjxipqu
svDCS,zonnetje gearriveerd e helft geregeld spelers staf klaar kortom https t co tb rfktdoz
TinekeHomans,geenstijl krijg nijenhuizen achter https t co fwp yafp p
HansEfde,mooi hoop gl kabinet komt betekent jaar halen vvd zetels gaat https t co kb uga fjv
ClariceGargard,vind pas vrijheid meningsuiting naam durft zetten tijd kleinheid penisuiting geenstijl
_Nijmegen,dijkmagazijn organiseert excursie beuningse uiterwaarden https t co urmwviqasm zondag mei organiseert dijkmagazijn excursie
wendy78890298,vandaag precies jaar sinds moord fortuyn kijk moment terug pim eigen dood voorspelde https t co a i olm m
martinsijbolts,@hielkomerkus @aukezoethout @vvappingedam @scloppersum @svmarum @vvnoordwolde prachtig slot afloopt https t co snqs ke s
optelsommetje,@bartelet @derlonhotel snap wel t hotel beetje huilieverhaal blijft kamer k https t co cxjtdkoyvd
jolanda1253,groenegroente zweet staat voorhoofd vele kleine kinderen duiden moeten eten sneu he
een,peter goossens ligt sloef hetgoeieleven https t co why r fiva
JaapFriso,@anitaei best opwindend
Gerrie867,graag leuke stadje grafhorst komen wonen plek https t co eg zy xm f
DontHateAnybody,@wouterdewinther @telegraaf denkt alleen onvriendelijke teksten gaat steekt kop zand z https t co dgdacnbppw
_auto_nieuws,slipstream verstappen senna prost https t co v c hyo w rtl gp plaatste volgende bericht website slips
cor_linde,vandaag denk dappere politici nl geprobeerd redden communisme https t co sekixrltdu
Sandraadje1,kom juni kleurrijkste plein leeuwarden ggdw https t co atybfl qzf
nikos1965,woudt
SanneWas,precisiepsychiatrie kansen overzichtsartikel https t co idjwon rz zie boek https t co fw h x itu
AlbersElodie,vandaag internationale anti dieet dag
AMvWingerden,cheyenne aarzelt zegt vriendin zichzelf snijden blog zelfbeschadiging https t co cwyuljpipi
AnjaHoogewerff,alle hartverwarmende reacties vrijheidslezing mensen gemist link https t co r rhdhn
TitiaBredee,meisjes slecht school komt gebrek inzicht jongens komt juf https t co godk av hc
ItsDavey_,serie alien isolation @altijdmelvin afgekeken e keer geweldig spel
JeugdSkating,blog post foto s jst medemblik april https t co j wicgmgkg
julielincl,stond liever matten publiek missings https t co lcsyurxd
AliMRabti,alle hartverwarmende reacties vrijheidslezing mensen gemist link https t co r rhdhn
BorisSmit075,weekend plannen doe verder rustig
Mylinhth,broek openzetten nadat teveel hebt gegeten echt beste gevoel
JuuldeIaToeret,latente kastheaumeau man jij staat lb ladyboy geenstijl https t co ylkkyt ko
gaypalace,fake news ie gewezen laat gewoon staan volkskrant https t co ciczm c fs
